id,firstname,lastname,phone,email
1,Tanek,Small,1-707-249-8885,convallis@est.org
2,Beau,Dillard,1-438-641-0030,orci.consectetuer@lectuspedeet.org
3,Kevin,Griffin,1-398-299-6079,nascetur.ridiculus.mus@magnaseddui.net
4,Cole,Calderon,1-512-793-3922,Phasellus.dapibus.quam@eget.com
5,Timothy,Griffin,1-686-581-0711,Integer.sem.elit@quisaccumsan.com
6,Emmanuel,Faulkner,1-897-554-9871,Donec@sapienAeneanmassa.org
7,Wylie,Grant,1-695-574-7832,Sed.neque.Sed@Nullamvelit.org
8,Honorato,Curry,1-723-160-8806,purus@Donecporttitor.ca
9,Aristotle,Ford,1-116-334-3391,ullamcorper.magna@purusMaecenaslibero.net
10,Samuel,Payne,1-944-359-1974,ac.risus.Morbi@aliquetPhasellusfermentum.org
11,Craig,Mcfarland,1-140-208-5974,Sed.nec@Morbiquis.edu
12,Marshall,Bowers,1-520-213-8979,Nam@diam.edu
13,Jerome,Shannon,1-967-379-1255,adipiscing.elit@Duis.net
14,Kibo,Rowe,1-201-834-0328,semper.et.lacinia@velitSed.ca
15,Dylan,Saunders,1-175-181-0230,convallis.est@Duis.edu
16,Barclay,Woodward,1-427-715-0205,cursus@dictumPhasellus.com
17,Kasimir,Norris,1-328-763-5836,Cum.sociis@Vivamuseuismodurna.edu
18,Stewart,Sullivan,1-827-941-3108,id.ante@amet.ca
19,Kareem,Aguirre,1-722-598-3090,orci@sit.ca
20,Hop,Kline,1-455-519-9103,pede.Praesent@dictumsapien.ca
21,Perry,Love,1-211-261-8435,dapibus@montes.ca
22,Elijah,Fischer,1-216-745-8910,hendrerit.consectetuer.cursus@nonfeugiatnec.ca
23,Thomas,Whitley,1-530-254-6557,id.erat.Etiam@velvenenatis.edu
24,Amos,Mcclure,1-495-811-9713,velit.Sed.malesuada@mattisvelit.org
25,Martin,Kim,1-858-516-9183,sociis.natoque.penatibus@cubiliaCuraeDonec.net
26,Keefe,Blackburn,1-108-323-8458,Duis.at.lacus@nibhDonec.com
27,Denton,Solis,1-907-839-6262,libero.et@vitaesodales.org
28,Eaton,Munoz,1-871-906-1208,at.libero@dolor.org
29,Herrod,Fowler,1-521-736-5389,ac.metus.vitae@egestasrhoncus.org
30,Alec,Mcdonald,1-854-794-2207,et@euarcuMorbi.org
31,Jin,Marks,1-524-527-0464,risus@Vestibulumut.net
32,Joel,Crawford,1-481-931-6087,scelerisque.neque.sed@magnaPraesent.co.uk
33,David,Benton,1-343-286-4155,dolor.Quisque@ullamcorper.net
34,Caleb,Orr,1-927-878-1732,mi.felis.adipiscing@Sednullaante.com
35,Valentine,Woodward,1-483-647-1969,dignissim@Namconsequat.org
36,Gray,Hurst,1-712-763-2567,feugiat.metus@nequetellusimperdiet.com
37,Berk,Brennan,1-643-493-3515,elit.sed@Vivamus.com
38,Colton,Jacobson,1-578-734-7564,nisl.Maecenas@ametornarelectus.net
39,Lyle,Rios,1-689-528-6915,turpis.Nulla.aliquet@acmetusvitae.com
40,Alvin,Abbott,1-573-307-2574,Cras@aliquam.com
41,Jonas,Snyder,1-912-874-5698,metus.sit.amet@Pellentesque.co.uk
42,Carlos,Pittman,1-602-464-7280,in@Vivamussit.com
43,Calvin,Barton,1-637-264-2402,tellus.lorem@dictum.co.uk
44,Paki,Foreman,1-421-246-0613,Suspendisse@nonummyac.net
45,Elliott,Gibson,1-535-157-7768,tristique.neque.venenatis@Morbinequetellus.com
46,Slade,Maxwell,1-524-668-4545,Quisque.fringilla@ut.ca
47,Adrian,Carlson,1-566-682-1287,purus.sapien@enimMaurisquis.ca
48,Lev,Taylor,1-650-285-0343,tincidunt.adipiscing.Mauris@scelerisque.ca
49,Otto,Owen,1-365-396-5571,aliquam.arcu@dictum.co.uk
50,Guy,Mcpherson,1-506-240-3342,auctor.odio@Utsagittis.com
51,Laith,Burns,1-684-530-3663,metus@dictum.co.uk
52,Lucian,Avila,1-122-234-9730,lobortis.ultrices@tellusSuspendissesed.net
53,Aladdin,Massey,1-493-463-6528,Cras.eu@Nullam.edu
54,Anthony,Stark,1-593-608-9785,Donec.dignissim.magna@arcu.co.uk
55,Burton,Jones,1-205-169-0953,adipiscing@egetmagnaSuspendisse.com
56,Boris,Sears,1-738-578-5478,lectus.pede@semper.ca
57,Ciaran,Sosa,1-448-959-1254,sed.facilisis@ipsumSuspendisse.co.uk
58,Dennis,Griffith,1-210-325-9179,nostra.per.inceptos@tristique.net
59,Nash,Farmer,1-594-522-6956,sit.amet.faucibus@nullavulputatedui.co.uk
60,William,Dominguez,1-259-631-6937,ipsum.non.arcu@nonummyultricies.ca
61,Thor,Barber,1-933-708-0214,ornare@arcuac.org
62,Troy,Ochoa,1-979-695-8226,auctor@adipiscinglobortis.com
63,Julian,Bowers,1-311-970-4185,leo.elementum@Quisquefringillaeuismod.ca
64,Tiger,Whitaker,1-961-257-1814,Vestibulum.accumsan.neque@Morbiquisurna.edu
65,Cadman,Shields,1-976-291-4796,blandit.viverra@hymenaeosMaurisut.co.uk
66,Xanthus,Patrick,1-110-934-4917,amet.consectetuer.adipiscing@a.ca
67,Daniel,Ball,1-574-232-2458,consectetuer.euismod@ProinultricesDuis.edu
68,Donovan,Villarreal,1-939-172-1675,blandit.congue@sollicitudinadipiscing.co.uk
69,Gray,Hill,1-688-112-3725,enim.Mauris@nonsapienmolestie.org
70,Ralph,Nguyen,1-635-305-8520,sagittis.augue@enimcommodohendrerit.com
71,Cadman,Wall,1-970-196-9463,nulla.magna.malesuada@nibhAliquamornare.net
72,Reese,Hinton,1-233-506-9191,imperdiet.non.vestibulum@faucibus.com
73,Samson,Fuller,1-511-801-4433,sem.vitae.aliquam@quamelementum.co.uk
74,Eric,Duke,1-982-960-0142,tellus.justo@Maecenas.com
75,Donovan,Heath,1-936-210-7728,lectus@pulvinararcu.org
76,Owen,Baxter,1-404-691-0766,Cras.interdum@nequesed.org
77,Ferdinand,Tanner,1-995-933-5667,euismod.in@cursusvestibulum.edu
78,Julian,Young,1-951-231-5879,vehicula.aliquet@Aliquam.ca
79,Dexter,Conner,1-931-696-8115,molestie.in.tempus@metus.com
80,Deacon,Holloway,1-790-859-5241,mauris.Suspendisse@ullamcorper.ca
81,Len,Douglas,1-883-589-0812,molestie.dapibus@justo.com
82,Leo,Fitzpatrick,1-268-917-5682,sodales.purus.in@bibendumfermentum.com
83,Oren,Whitaker,1-563-487-0244,et.rutrum@metusAeneansed.co.uk
84,Fritz,Berger,1-124-726-2630,enim@sitamet.ca
85,Walter,Velez,1-260-364-5966,non@augueutlacus.edu
86,Melvin,Sargent,1-223-539-2262,Vivamus.molestie@odio.ca
87,Ulysses,Palmer,1-167-125-6191,aliquet.metus@quisdiam.ca
88,Kasper,White,1-840-452-3751,diam@nec.co.uk
89,Nathan,Porter,1-410-289-9956,blandit@ipsumSuspendissesagittis.co.uk
90,Bevis,Bowers,1-670-303-0623,quam.Pellentesque@sapienimperdietornare.co.uk
91,Conan,Cochran,1-527-893-9971,luctus.et@nullaIn.org
92,Griffin,Love,1-933-578-0320,feugiat@Nunc.edu
93,Jerry,Grimes,1-469-494-0759,bibendum.sed.est@egestas.net
94,Yasir,Alvarado,1-339-830-9741,faucibus.id@aliquetmolestietellus.edu
95,Josiah,Burke,1-646-563-9109,mattis@rutrumFusce.net
96,Chaim,Horn,1-288-179-6564,augue.ac@velitdui.com
97,Omar,Lopez,1-395-183-4020,odio@ametluctusvulputate.net
98,Yoshio,Bennett,1-553-620-5564,quis@at.co.uk
99,Erich,Salinas,1-553-434-5094,mollis.Phasellus.libero@tristiquepharetra.co.uk
100,Xanthus,Franks,1-149-278-8912,mattis.Cras@neque.net